sequence_name	start	end	RSS_sequence	strand	RIC_score	RIC_pass_fail	spacer_length
BCL2	63078689	63078716	cacagccactaagatgattatagtaaaa	-	-37.5001208605554	PASS	12
BCL2	63079442	63079469	caagctgatacagacacagacacatcca	+	-35.2214797621392	PASS	12
BCL2	63080304	63080331	cacagtgaaccatatttatcaaataata	+	-33.6974232521547	PASS	12
BCL2	63080957	63080984	cacacacataggaagttaaataacaatc	-	-37.8222690927671	PASS	12
BCL2	63081674	63081701	catggtggcacacccctgtaatcacagc	-	-37.8330303440472	PASS	12
BCL2	63082756	63082783	cacgggtgccctttccatgacaagaccc	+	-34.0346323222319	PASS	12
BCL2	63083466	63083493	catagtcactcatgctcaagtgtagagt	-	-35.0656575341705	PASS	12
BCL2	63084046	63084073	catcatggaagatgttcaaacagatgct	-	-35.7392742943468	PASS	12
BCL2	63084195	63084222	cacatagatcaagtcttactcagtatcc	+	-36.1741071295309	PASS	12
BCL2	63084610	63084637	caaaatcaaaataatctgaataaagact	-	-37.1978783709898	PASS	12
BCL2	63086469	63086496	cactacattttgaagtttaacaagtagc	+	-37.4172673940169	PASS	12
BCL2	63086520	63086547	cacagtcctaaaatcacaccaattaatt	-	-32.261187438218	PASS	12
BCL2	63086866	63086893	catagtgaggctcatctctatttaaaaa	-	-38.4024365569667	PASS	12
BCL2	63089454	63089481	cacaggtcactatggctgtgcaaatgcc	-	-37.2717840605657	PASS	12
BCL2	63090564	63090591	cacagaccaaagatgctgcctgcaaata	-	-38.7656355077748	PASS	12
BCL2	63091348	63091375	cactaccataaacacacacacacacaca	-	-37.7474260175319	PASS	12
BCL2	63091430	63091457	cacaaagacacaaagacacaccacatac	-	-35.1416783165258	PASS	12
BCL2	63091459	63091486	cacaaatacaccacaccacacacaaacc	-	-33.7768328688278	PASS	12
BCL2	63091524	63091551	cacatgcacacacaccccacacaaacca	-	-35.7340325576791	PASS	12
BCL2	63091550	63091577	cacacaaatacacaaacacaccatacca	-	-38.116635070839	PASS	12
BCL2	63091566	63091593	cacaacatgctccatacacacaaataca	-	-38.5716437843877	PASS	12
BCL2	63091713	63091740	cacaccacaccacactcatacactacac	-	-37.8743312631039	PASS	12
BCL2	63091777	63091804	cacacactacataccacacacaaataca	-	-36.1388895753974	PASS	12
BCL2	63091855	63091882	cacactcacaaatgcacacactacacac	-	-37.5899688578331	PASS	12
BCL2	63092195	63092222	cacactcacacacaccagacccactcac	-	-38.3574776499397	PASS	12
BCL2	63092295	63092322	cactcacattacacaccacacacacaca	-	-35.4625145287843	PASS	12
BCL2	63092309	63092336	cacacacacacacccactcacattacac	-	-38.0784283837545	PASS	12
BCL2	63092325	63092352	cacccactctacacaccacacacacaca	-	-36.4599954153885	PASS	12
BCL2	63093762	63093789	cacatcaatcaatgcaattgcataaatt	-	-34.169838409566204	PASS	12
BCL2	63094885	63094912	cacaaaaacaaaaacaaaagcaaaaaac	-	-32.1833928609776	PASS	12
BCL2	63097197	63097224	cacctctgcaaactccttggattaattc	-	-38.1136787629066	PASS	12
BCL2	63098490	63098517	cacaacaaccgagaaacaaaaacaaatc	-	-37.5432260881096	PASS	12
BCL2	63098750	63098777	caccaagaagccggccacatctgaaaac	-	-37.4140988321798	PASS	12
BCL2	63101606	63101633	caccacgaaggaggctccgcaaaacacc	+	-38.6499152645657	PASS	12
BCL2	63102257	63102284	caaaaagttaagagagtgaatgttgatc	+	-38.2871646022887	PASS	12
BCL2	63103517	63103544	caacacaacacaccacatatcacactac	-	-37.8843022456927	PASS	12
BCL2	63103575	63103602	cacacacacacaacacacagagcaaacc	-	-34.6683850000896	PASS	12
BCL2	63103591	63103618	cacccatacacacccccacacacacaca	-	-36.1760975812535	PASS	12
BCL2	63103593	63103620	cacacccatacacacccccacacacaca	-	-35.0102996478401	PASS	12
BCL2	63103683	63103710	cacacaacaccacacacatgtgacacca	-	-38.5600779602893	PASS	12
BCL2	63103715	63103742	cacacacacacagaccaaatcacaaagc	-	-28.4613571618157	PASS	12
BCL2	63103785	63103812	cacacacactccacaccacacacacaac	-	-36.1192212558247	PASS	12
BCL2	63103963	63103990	cacacacatacatccccacacacaactc	-	-32.5749230975269	PASS	12
BCL2	63103965	63103992	cacacacacatacatccccacacacaac	-	-38.5187668970153	PASS	12
BCL2	63103977	63104004	cacacacacacacacacacacatacatc	-	-34.1803091069305	PASS	12
BCL2	63103979	63104006	cacacacacacacacacacacacataca	-	-34.0542788347866	PASS	12
BCL2	63103983	63104010	cacacacacacacacacacacacacaca	-	-37.5507863962531	PASS	12
BCL2	63103985	63104012	cacacacacacacacacacacacacaca	-	-37.5507863962531	PASS	12
BCL2	63103987	63104014	cacacacacacacacacacacacacaca	-	-37.5507863962531	PASS	12
BCL2	63103989	63104016	cacacacacacacacacacacacacaca	-	-37.5507863962531	PASS	12
BCL2	63103991	63104018	cacacacacacacacacacacacacaca	-	-37.5507863962531	PASS	12
BCL2	63109431	63109458	catagcgacaaattgtatacaaagaagt	-	-37.373900733603	PASS	12
BCL2	63110403	63110430	caccgccactctgaatctctcaaaattc	-	-35.3190236399157	PASS	12
BCL2	63111346	63111373	cactctgatctgcctctctcttacaaca	-	-38.6352776693385	PASS	12
BCL2	63111957	63111984	caagagcacatgcaatcctgcaaaaacc	-	-37.9297194716091	PASS	12
BCL2	63112362	63112389	cactgtctgtagaaacaacccatgaagc	+	-36.7912041222608	PASS	12
BCL2	63112648	63112675	cattttggcagagaatcaaaggcaaaca	-	-37.0418181893675	PASS	12
BCL2	63112935	63112962	cacagtcatctcctgctcctagagaagt	-	-37.9523555031485	PASS	12
BCL2	63113781	63113808	cacaacccattgaactgatgatcaaaga	+	-38.5753907122876	PASS	12
BCL2	63114214	63114241	cagtgtgagtgagccacatttcaagtgc	-	-38.1719341976827	PASS	12
BCL2	63114332	63114359	cacaagccaggaaccacggaggaaaacc	-	-38.1070300830593	PASS	12
BCL2	63115590	63115617	cagagagagactccgtctgacaaaaaaa	+	-37.8661361846662	PASS	12
BCL2	63117103	63117130	cacagagataatatctctttccagaaca	+	-36.3285683180346	PASS	12
BCL2	63117890	63117917	cacctttgtctaagtctttgataaaatt	-	-36.2719157492226	PASS	12
BCL2	63118069	63118096	cacaattgatttcttttagcacaaactc	-	-38.0782227739241	PASS	12
BCL2	63118162	63118189	caatgtaacagacaacaatacagaacac	+	-36.2800433749053	PASS	12
BCL2	63118584	63118611	caaagagatgtacgctcatgccataatc	-	-38.3556332767026	PASS	12
BCL2	63119549	63119576	caccatctacatggaaaacacagaaaca	-	-37.5370649168819	PASS	12
BCL2	63119853	63119880	caaaaccctctacaatcccacatttact	-	-34.3582422180786	PASS	12
BCL2	63124916	63124943	cactgccttaaaagtacagttggaatta	+	-38.2037670823236	PASS	12
BCL2	63126843	63126870	cacagcattaaacattgaacagagtaca	+	-37.159215564479	PASS	12
BCL2	63127104	63127131	cactgtagtttggttttatttgaaaacc	-	-31.309950234298	PASS	12
BCL2	63127226	63127253	caaagtcatttaaagccttgctttaaac	+	-38.2605062298479	PASS	12
BCL2	63128460	63128487	cacagacagacacacacacacacaacaa	-	-34.6693566330863	PASS	12
BCL2	63128464	63128491	cacacacagacagacacacacacacaca	-	-33.5998297452781	PASS	12
BCL2	63078333	63078371	cacactgctgataaagacatacctgagatggggtaactt	-	-58.3731067096228	PASS	23
BCL2	63080119	63080157	cacatccccgcctgaccaccctctcttaaagctctgtct	+	-58.5817907389355	PASS	23
BCL2	63080795	63080833	cactgtgtagctctcccagcgcccttgatagtgccagtc	+	-54.9222756488866	PASS	23
BCL2	63081803	63081841	caaagtgctgggattacaggcatgagccaccacgcctgg	+	-57.4282349055955	PASS	23
BCL2	63082351	63082389	caaagtgctgggattacagatgtgagccaccgtgcccaa	+	-56.7570726741599	PASS	23
BCL2	63082508	63082546	cacagctctctcaaaggagtttctatagcacatatgcca	-	-56.9348283873746	PASS	23
BCL2	63085172	63085210	cactgcacttcagcctggtaaaagagcgagactctgtct	+	-57.5918221810151	PASS	23
BCL2	63086977	63087015	caccatgccccagcccagatggtactttctgttgttgcc	+	-58.0657672813795	PASS	23
BCL2	63089212	63089250	cacaaggaggcacaaagggaatcctggtggtgttaaggg	+	-58.6698567847984	PASS	23
BCL2	63090511	63090549	cacagggaggggaggagaagctggcgctgctgaggagtc	+	-55.6539918402177	PASS	23
BCL2	63091051	63091089	caaggagttgccagttactaaaaagttgaaagcaaaatg	-	-58.5068234504185	PASS	23
BCL2	63091225	63091263	cagacctctacacaggccaggcctggctgaaatgaacat	+	-56.4001274962917	PASS	23
BCL2	63091325	63091363	cacacacacacacacacaccagtagcctctgctctgtgt	-	-58.0380862349808	PASS	23
BCL2	63091448	63091486	cacaaatacaccacaccacacacaaaccacacaaagaca	-	-56.8344182322209	PASS	23
BCL2	63091567	63091605	cacaaatacaaacacaacatgctccatacacacaaatac	-	-57.8091302220468	PASS	23
BCL2	63091641	63091679	cacactcacatcataccacactcacacacactacaaacc	-	-52.1143889584569	PASS	23
BCL2	63091750	63091788	cacacaaatacacacactacacacaccacacacaccaca	-	-58.5928646870418	PASS	23
BCL2	63091752	63091790	cacacacaaatacacacactacacacaccacacacacca	-	-58.2923626316617	PASS	23
BCL2	63091762	63091800	cactacataccacacacaaatacacacactacacacacc	-	-58.6142823419762	PASS	23
BCL2	63091944	63091982	cacacccattcacacacactacacacaccacacacacta	-	-53.0252258116781	PASS	23
BCL2	63091959	63091997	cacactcacacacaccacacccattcacacacactacac	-	-52.6115668136252	PASS	23
BCL2	63092184	63092222	cacactcacacacaccagacccactcacaccacacacca	-	-52.8550681796234	PASS	23
BCL2	63092260	63092298	cacaccacaccacacacactgcgcccactcacacaatac	-	-56.4338328786498	PASS	23
BCL2	63092294	63092332	cacacacacccactcacattacacaccacacacacacac	-	-55.1831355391051	PASS	23
BCL2	63092331	63092369	cacactcacacacaccacacccactctacacaccacaca	-	-53.2710441850082	PASS	23
BCL2	63092384	63092422	cacacactcacacaatacctaccatgcgcagaaatacac	-	-56.8839186578343	PASS	23
BCL2	63092607	63092645	cacagggtttcacaggttgtgaaagggtttgccacattc	-	-56.5900576985494	PASS	23
BCL2	63093300	63093338	catggccctgctggcaccttgctttctggcttccaacct	-	-58.0054322485707	PASS	23
BCL2	63093421	63093459	cacggtggcagaggcagagatggaactgacgcagctgca	-	-57.3840375593539	PASS	23
BCL2	63094054	63094092	caatccaatgctcctataaccaattcctgtgttaaatcc	-	-58.6695584157549	PASS	23
BCL2	63095318	63095356	cacgcagcttcgtggaagctgtccccttcgacaggcacc	+	-57.0529671735074	PASS	23
BCL2	63096262	63096300	cacagatgcaataacctttcggggtctgcctctgaaaac	+	-55.325220991044	PASS	23
BCL2	63097537	63097575	cagtgtctcagagtctcagtttcctcatgtctaaaatcg	-	-56.5776355810744	PASS	23
BCL2	63097539	63097577	cacagtgtctcagagtctcagtttcctcatgtctaaaat	-	-55.6448970373042	PASS	23
BCL2	63097588	63097626	cacagtcattcagaagaacaaccaccccaaatgtggcta	+	-56.1493212378555	PASS	23
BCL2	63098089	63098127	cacagggagtatgtggtaaagccctcaagccctctgcct	+	-58.0322595065697	PASS	23
BCL2	63098262	63098300	caaagtggtcccaaaagccaggactcctgaagcctgacc	-	-56.3648886262769	PASS	23
BCL2	63100619	63100657	cactgtgatgagcagatgagcttggccatgtggcaaaca	+	-57.3554717163428	PASS	23
BCL2	63102064	63102102	caacgtgacctccctggctctgctatgcatgcctaatcc	+	-58.4671231982818	PASS	23
BCL2	63102262	63102300	cagtgaactctgttgtgatcaacattcactctcttaact	-	-58.1086429361927	PASS	23
BCL2	63102592	63102630	caaagtgctgggattacaggcgtgagccaccgtgcctgg	-	-56.4602427993444	PASS	23
BCL2	63103518	63103556	cacaatgtgccacaacacaacacaccacatatcacacta	-	-57.9626357222666	PASS	23
BCL2	63103564	63103602	cacacacacacaacacacagagcaaaccacaacaaacca	-	-55.3308064122426	PASS	23
BCL2	63103572	63103610	cacacccccacacacacacaacacacagagcaaaccaca	-	-56.7954030952794	PASS	23
BCL2	63103582	63103620	cacacccatacacacccccacacacacacaacacacaga	-	-56.3255005901236	PASS	23
BCL2	63103628	63103666	cacaccacgccaccacacacacagaccacaccacaaaac	-	-57.9168148337535	PASS	23
BCL2	63103774	63103812	cacacacactccacaccacacacacaacataccataccc	-	-56.933284391883	PASS	23
BCL2	63103850	63103888	cacacacataccacaccacacccaccacacacaaaatca	-	-50.3843902602043	PASS	23
BCL2	63103932	63103970	cacaactccacacaccacacacacacccaccccatacca	-	-57.1544510331033	PASS	23
BCL2	63103974	63104012	cacacacacacacacacacacacacacacatacatcccc	-	-58.7144542364148	PASS	23
BCL2	63103976	63104014	cacacacacacacacacacacacacacacacatacatcc	-	-58.7144542364148	PASS	23
BCL2	63104285	63104323	catggagagaaaacggccaggggaaagtttccagaaacc	-	-58.1278093578423	PASS	23
BCL2	63104430	63104468	cacttggtgagcactttctctgggactttgggaaaaacc	-	-57.1406148891309	PASS	23
BCL2	63104988	63105026	cagagccaaacatccccagcaaaccccgcttcagataca	-	-57.6267024145209	PASS	23
BCL2	63105963	63106001	cacagtaggccgggcatggtggcttacgcctgtaatccc	-	-54.6580619760525	PASS	23
BCL2	63106283	63106321	cacactctggggaagagatcccagttgctagggaaggtt	-	-57.0395383715787	PASS	23
BCL2	63106492	63106530	cagaatgttcttcagacagaggatggctgagttgtaact	-	-58.6791480647733	PASS	23
BCL2	63107265	63107303	cagagagctattcaatgggggaaaggaaaaacataaact	-	-58.3615228957908	PASS	23
BCL2	63107601	63107639	cacaatggcacaaatgagtgttcctgttgctttcgtttc	+	-58.0194377150378	PASS	23
BCL2	63109232	63109270	cacagtgcctcatgcaaggtctcactgcaggccagaatt	+	-54.2765585056062	PASS	23
BCL2	63109297	63109335	cactcaatggctctttgtgttgatttctgcaatggagca	-	-58.0479682917698	PASS	23
BCL2	63111013	63111051	catagtaccatgctgagtttggtttcaagggccaaactg	+	-58.3563296225344	PASS	23
BCL2	63111492	63111530	cactgggctaaaatcaagttgtagacagagctgcctccc	-	-54.7116362300547	PASS	23
BCL2	63112154	63112192	caaagccagtgaggatgacaggaacctagaaaggaataa	-	-57.9411926155523	PASS	23
BCL2	63114237	63114275	cactgagatatgctgccactgtcaattccacattgactt	+	-58.7200471395384	PASS	23
BCL2	63114265	63114303	cacattgacttcaaagccttagtatgaaaaaaaaaaaat	+	-58.262084463823	PASS	23
BCL2	63114566	63114604	cacagagactccgtgcagctgattgaggtccttaagacc	+	-58.669058467227	PASS	23
BCL2	63114935	63114973	cacaccagtcagaagtccaggcctttggaactgctgacc	-	-54.1252158648573	PASS	23
BCL2	63116509	63116547	cacagtgctcattttgtgggttgatgaatggatccagcc	-	-57.1091884327373	PASS	23
BCL2	63117855	63117893	cacagggctctatttttggccttgacctgttttgtaatt	+	-57.8669347928914	PASS	23
BCL2	63118006	63118044	cacatggcttggcatggagggcagagaccaagaaaatga	+	-53.464658542363	PASS	23
BCL2	63118925	63118963	caaagtgctggggttacaggcatgagccaacacacccag	+	-57.692889979968	PASS	23
BCL2	63120807	63120845	cacaaacagaaaaaagaaatggcaccacaacagaagaac	-	-57.5294344044475	PASS	23
BCL2	63121424	63121462	cagaaagacacataaccataaataaaaactacataatgc	+	-57.0746158679264	PASS	23
BCL2	63121623	63121661	cacattaaaaaatctatcggctgtcttcactagaaactc	+	-58.5009840994144	PASS	23
BCL2	63122076	63122114	caaaaactagcagggtgtggtggcgggcacctgtaatcc	-	-57.7540212770532	PASS	23
BCL2	63122199	63122237	caaagtgctgggattacaggcgtgagccaccgcacccgg	+	-57.1235370167547	PASS	23
BCL2	63122350	63122388	cacagttagattcagacagagggaggagtgtgtccctct	+	-52.3086691011639	PASS	23
BCL2	63125224	63125262	cacagagaggtaagtgagctgtggagagaatgttggcgt	+	-56.6390858260336	PASS	23
BCL2	63127093	63127131	cactgtagtttggttttatttgaaaacctgacaaaaaaa	-	-50.8417232039671	PASS	23
BCL2	63127266	63127304	caaggccacacagccaacgtgccatgtgctacagccaaa	+	-56.0503539259982	PASS	23
BCL2	63127923	63127961	cacgccgaaggacagcgatgggaaaaatgcccttaaatc	-	-54.6133510712814	PASS	23
BCL2	63128439	63128477	cacacacacacacaacaattaacagtcttcaggcaaaac	-	-56.9720476618794	PASS	23
BCL2	63128455	63128493	cacacacacagacagacacacacacacacaacaattaac	-	-50.4838762529994	PASS	23
